{
    "metrics": {
        "R2": 0.798541330052984,
        "huber": 18.822589857098432,
        "kendall_tau": 0.5219551439537241
    },
    "number": 189,
    "params": {
        "bagging_fraction": 0.6131469282964275,
        "boosting_type": "gbdt",
        "drop_rate": 0.23161095666643458,
        "feature_fraction": 0.46241604701469574,
        "lambda_l1": 1.7197382592994181,
        "lambda_l2": 1.5913873152132518,
        "learning_rate": 0.028927665928892128,
        "max_depth": 3,
        "max_leaves": 17,
        "min_data_in_leaf": 5
    }
}