{
    "metrics": {
        "R2": 0.850146464073334,
        "huber": 0.39112382892004766,
        "kendall_tau": 0.5742170739017805
    },
    "number": 167,
    "params": {
        "bagging_fraction": 0.9167470402957054,
        "boosting_type": "gbdt",
        "drop_rate": 0.26358077953299774,
        "feature_fraction": 0.3750827298971465,
        "lambda_l1": 1.3275164266263493,
        "lambda_l2": 1.5260620333484598,
        "learning_rate": 0.08756979218138057,
        "max_depth": 3,
        "max_leaves": 20,
        "min_data_in_leaf": 8
    }
}